name,title,date,pdf
Maggie Baldwin,title,06/30/1986,pdfUrl
Jesse Matthews,title,10/30/1999,pdfUrl
William Munoz,title,12/25/1946,pdfUrl
Annie Hopkins,title,11/03/1946,pdfUrl
Ralph Hale,title,02/06/1963,pdfUrl
Gavin Griffith,title,10/16/2031,pdfUrl
Glenn Wise,title,08/01/2070,pdfUrl
Katherine Nguyen,title,06/07/1993,pdfUrl
Jonathan Adkins,title,11/15/2030,pdfUrl
May Arnold,title,04/20/2024,pdfUrl
Mitchell Santiago,title,10/14/1962,pdfUrl
Cameron Ray,title,10/19/1984,pdfUrl
Randall Lewis,title,06/26/1985,pdfUrl
Mitchell Ross,title,10/24/1909,pdfUrl
Don Baker,title,11/19/1989,pdfUrl
Cody McDaniel,title,10/29/1961,pdfUrl
Roy Perez,title,05/20/1996,pdfUrl
Troy Knight,title,09/28/1925,pdfUrl
Matthew Buchanan,title,02/04/1915,pdfUrl
Dustin Lambert,title,06/11/2025,pdfUrl
Cora Bates,title,05/23/1931,pdfUrl
Lenora Brewer,title,06/14/1986,pdfUrl
Brent Underwood,title,03/15/2051,pdfUrl
Elsie Green,title,05/20/2020,pdfUrl
Gussie Gray,title,12/03/2043,pdfUrl
Clarence Snyder,title,11/16/1944,pdfUrl
Katharine Colon,title,09/08/2044,pdfUrl
Juan Quinn,title,05/26/2060,pdfUrl
Terry Jackson,title,07/31/2001,pdfUrl
Timothy French,title,03/09/1968,pdfUrl
Jim Paul,title,08/18/1958,pdfUrl
Loretta Mills,title,07/20/2026,pdfUrl
Frances Morgan,title,05/18/1980,pdfUrl
Gordon Riley,title,05/23/2065,pdfUrl
Matthew Walsh,title,05/24/2062,pdfUrl
Nina Goodman,title,09/26/1968,pdfUrl
Bruce Hammond,title,05/06/2004,pdfUrl
Peter Porter,title,02/16/1981,pdfUrl
Lora Gonzalez,title,10/29/1935,pdfUrl
Louis Gill,title,12/04/2042,pdfUrl
Clarence Jensen,title,07/09/2011,pdfUrl
Hettie Horton,title,08/15/2026,pdfUrl
Lucille Riley,title,09/10/1922,pdfUrl
Lettie Morrison,title,05/22/2066,pdfUrl
Olga Knight,title,11/24/2019,pdfUrl
Lucinda Soto,title,05/12/2023,pdfUrl
Mina Ruiz,title,06/29/2035,pdfUrl
Lydia Bailey,title,09/08/2014,pdfUrl
Dean Cortez,title,01/14/1973,pdfUrl
Lucille Tate,title,10/22/2045,pdfUrl
Esther Bush,title,07/04/1913,pdfUrl
Jane Bailey,title,11/10/2051,pdfUrl
Katharine Castro,title,07/20/1937,pdfUrl
Adeline Stanley,title,05/13/1911,pdfUrl
Francisco Boyd,title,08/24/2024,pdfUrl
Verna Sullivan,title,02/04/2027,pdfUrl
May Barnett,title,08/29/1906,pdfUrl
Josephine Tran,title,04/14/1991,pdfUrl
Ivan Joseph,title,10/17/2049,pdfUrl
Carl Garcia,title,09/29/2059,pdfUrl
Stanley Murray,title,07/09/1996,pdfUrl
Eva Alvarado,title,11/26/1980,pdfUrl
Sam Newton,title,01/08/1996,pdfUrl
Sarah Adkins,title,03/27/1984,pdfUrl
Elva Anderson,title,08/23/1902,pdfUrl
Richard Keller,title,10/02/2044,pdfUrl
Bruce Lucas,title,09/29/1992,pdfUrl
Landon McLaughlin,title,04/11/1913,pdfUrl
Angel French,title,02/25/1925,pdfUrl
Lena Bass,title,08/01/2002,pdfUrl
Mark Gomez,title,11/13/2038,pdfUrl
Dominic Cole,title,04/30/1918,pdfUrl
Clara Crawford,title,03/22/1973,pdfUrl
Ruby Sandoval,title,08/16/1987,pdfUrl
Walter Sanchez,title,03/24/1997,pdfUrl
Earl Buchanan,title,05/01/1953,pdfUrl
Derek George,title,05/03/1966,pdfUrl
Cordelia Armstrong,title,07/03/1946,pdfUrl
Gavin Bowman,title,01/10/1937,pdfUrl
Cora Pierce,title,10/11/1915,pdfUrl
Jose Wheeler,title,03/18/1939,pdfUrl
Lucy Taylor,title,01/10/1920,pdfUrl
Carrie Tucker,title,07/31/2035,pdfUrl
Ivan Powell,title,10/17/1942,pdfUrl
Katie Simpson,title,08/09/1992,pdfUrl
Dustin Rodgers,title,04/14/1983,pdfUrl
Olive Black,title,02/05/2007,pdfUrl
Richard Neal,title,07/21/1964,pdfUrl
Leroy West,title,08/07/1929,pdfUrl
Elnora Jefferson,title,05/30/1988,pdfUrl
Maud Cox,title,10/08/2051,pdfUrl
Lewis Morris,title,03/09/1930,pdfUrl
Aiden Howard,title,09/07/1988,pdfUrl
Melvin Kennedy,title,07/15/1907,pdfUrl
Lola Bryan,title,02/21/1906,pdfUrl
Gilbert Carlson,title,12/25/2042,pdfUrl
Jimmy Norris,title,11/12/1982,pdfUrl
Ann Rivera,title,04/16/1948,pdfUrl
Cynthia Delgado,title,09/14/1990,pdfUrl
Marian Franklin,title,06/26/2020,pdfUrl
